{
    "Products": [
        {"ProductID": 1, "ProductName": "Laptop", "Description": "15-inch laptop", "Price": 1000, "StockQuantity": 50, "CategoryID": 1},
        {"ProductID": 2, "ProductName": "Smartphone", "Description": "6-inch screen", "Price": 500, "StockQuantity": 100, "CategoryID": 2},
        {"ProductID": 3, "ProductName": "Headphones", "Description": "Noise-cancelling", "Price": 150, "StockQuantity": 75, "CategoryID": 3},
        {"ProductID": 4, "ProductName": "Tablet", "Description": "10-inch screen", "Price": 300, "StockQuantity": 60, "CategoryID": 2},
        {"ProductID": 5, "ProductName": "Smartwatch", "Description": "Fitness tracker", "Price": 200, "StockQuantity": 80, "CategoryID": 4},
        {"ProductID": 6, "ProductName": "Camera", "Description": "DSLR", "Price": 700, "StockQuantity": 40, "CategoryID": 5},
        {"ProductID": 7, "ProductName": "Printer", "Description": "Laser printer", "Price": 250, "StockQuantity": 30, "CategoryID": 6},
        {"ProductID": 8, "ProductName": "Monitor", "Description": "24-inch", "Price": 120, "StockQuantity": 70, "CategoryID": 7},
        {"ProductID": 9, "ProductName": "Mouse", "Description": "Wireless", "Price": 25, "StockQuantity": 150, "CategoryID": 8},
        {"ProductID": 10, "ProductName": "Keyboard", "Description": "Mechanical", "Price": 50, "StockQuantity": 90, "CategoryID": 8},
        {"ProductID": 11, "ProductName": "USB Drive", "Description": "32GB", "Price": 15, "StockQuantity": 200, "CategoryID": 9},
        {"ProductID": 12, "ProductName": "External HDD", "Description": "1TB", "Price": 55, "StockQuantity": 60, "CategoryID": 9},
        {"ProductID": 13, "ProductName": "Charger", "Description": "USB-C", "Price": 20, "StockQuantity": 150, "CategoryID": 10},
        {"ProductID": 14, "ProductName": "Webcam", "Description": "1080p", "Price": 40, "StockQuantity": 85, "CategoryID": 11},
        {"ProductID": 15, "ProductName": "Microphone", "Description": "USB", "Price": 45, "StockQuantity": 70, "CategoryID": 11},
        {"ProductID": 16, "ProductName": "Router", "Description": "Dual-band", "Price": 60, "StockQuantity": 50, "CategoryID": 12},
        {"ProductID": 17, "ProductName": "Smart Bulb", "Description": "RGB", "Price": 20, "StockQuantity": 110, "CategoryID": 13},
        {"ProductID": 18, "ProductName": "Smart Plug", "Description": "WiFi", "Price": 15, "StockQuantity": 120, "CategoryID": 13},
        {"ProductID": 19, "ProductName": "Gaming Console", "Description": "Next-gen", "Price": 500, "StockQuantity": 30, "CategoryID": 14},
        {"ProductID": 20, "ProductName": "TV", "Description": "4K OLED", "Price": 800, "StockQuantity": 40, "CategoryID": 15},
        {"ProductID": 21, "ProductName": "Soundbar", "Description": "Dolby Atmos", "Price": 250, "StockQuantity": 55, "CategoryID": 15},
        {"ProductID": 22, "ProductName": "Refrigerator", "Description": "Double Door", "Price": 750, "StockQuantity": 20, "CategoryID": 16},
        {"ProductID": 23, "ProductName": "Washing Machine", "Description": "Front Load", "Price": 650, "StockQuantity": 25, "CategoryID": 16},
        {"ProductID": 24, "ProductName": "Oven", "Description": "Microwave", "Price": 150, "StockQuantity": 80, "CategoryID": 17},
        {"ProductID": 25, "ProductName": "Mixer", "Description": "Stand Mixer", "Price": 200, "StockQuantity": 70, "CategoryID": 17},
        {"ProductID": 26, "ProductName": "Air Conditioner", "Description": "Split AC", "Price": 400, "StockQuantity": 35, "CategoryID": 18},
        {"ProductID": 27, "ProductName": "Fan", "Description": "Ceiling Fan", "Price": 50, "StockQuantity": 100, "CategoryID": 18},
        {"ProductID": 28, "ProductName": "Vacuum Cleaner", "Description": "Robot", "Price": 300, "StockQuantity": 45, "CategoryID": 19},
        {"ProductID": 29, "ProductName": "Heater", "Description": "Room Heater", "Price": 80, "StockQuantity": 60, "CategoryID": 19},
        {"ProductID": 30, "ProductName": "Smart Speaker", "Description": "Voice Assistant", "Price": 90, "StockQuantity": 85, "CategoryID": 20}
    ],
    "Customers": [
        {"CustomerID": 1, "FirstName": "John", "LastName": "Doe", "Email": "john.doe1@example.com", "Address": "123 Main St", "Phone": "111-222-3333"},
        {"CustomerID": 2, "FirstName": "Jane", "LastName": "Smith", "Email": "jane.smith2@example.com", "Address": "456 Elm St", "Phone": "111-222-3333"},
        {"CustomerID": 3, "FirstName": "Alice", "LastName": "Johnson", "Email": "alice.johnson3@example.com", "Address": "789 Maple St", "Phone": "111-222-3333"},
        {"CustomerID": 4, "FirstName": "Bob", "LastName": "Williams", "Email": "bob.williams4@example.com", "Address": "101 Oak St", "Phone": "111-222-3333"},
        {"CustomerID": 5, "FirstName": "Charlie", "LastName": "Brown", "Email": "charlie.brown5@example.com", "Address": "202 Pine St", "Phone": "111-222-3333"},
        {"CustomerID": 6, "FirstName": "David", "LastName": "Jones", "Email": "david.jones6@example.com", "Address": "303 Birch St", "Phone": "111-222-3333"},
        {"CustomerID": 7, "FirstName": "Ella", "LastName": "Davis", "Email": "ella.davis7@example.com", "Address": "404 Cedar St", "Phone": "111-222-3333"},
        {"CustomerID": 8, "FirstName": "Frank", "LastName": "Miller", "Email": "frank.miller8@example.com", "Address": "505 Redwood St", "Phone": "111-222-3333"},
        {"CustomerID": 9, "FirstName": "Grace", "LastName": "Garcia", "Email": "grace.garcia9@example.com", "Address": "606 Fir St", "Phone": "111-222-3333"},
        {"CustomerID": 10, "FirstName": "Henry", "LastName": "Rodriguez", "Email": "henry.rodriguez10@example.com", "Address": "707 Spruce St", "Phone": "111-222-3333"},
        {"CustomerID": 11, "FirstName": "Ivy", "LastName": "Martinez", "Email": "ivy.martinez11@example.com", "Address": "808 Pinecone St", "Phone": "111-222-3333"},
        {"CustomerID": 12, "FirstName": "Jack", "LastName": "Hernandez", "Email": "jack.hernandez12@example.com", "Address": "909 Mapleleaf St", "Phone": "111-222-3333"},
        {"CustomerID": 13, "FirstName": "Kara", "LastName": "Lopez", "Email": "kara.lopez13@example.com", "Address": "1010 Oakbranch St", "Phone": "111-222-3333"},
        {"CustomerID": 14, "FirstName": "Liam", "LastName": "Gonzalez", "Email": "liam.gonzalez14@example.com", "Address": "1111 Elmshade St", "Phone": "111-222-3333"},
        {"CustomerID": 15, "FirstName": "Mia", "LastName": "Perez", "Email": "mia.perez15@example.com", "Address": "1212 Cedarbark St", "Phone": "111-222-3333"},
        {"CustomerID": 16, "FirstName": "Noah", "LastName": "Young", "Email": "noah.young16@example.com", "Address": "1313 Redwoodgrove St", "Phone": "111-222-3333"},
        {"CustomerID": 17, "FirstName": "Olivia", "LastName": "Sanchez", "Email": "olivia.sanchez17@example.com", "Address": "1414 Firshade St", "Phone": "111-222-3333"},
        {"CustomerID": 18, "FirstName": "Paul", "LastName": "Morales", "Email": "paul.morales18@example.com", "Address": "1515 Sprucetree St", "Phone": "111-222-3333"},
        {"CustomerID": 19, "FirstName": "Quinn", "LastName": "Ortiz", "Email": "quinn.ortiz19@example.com", "Address": "1616 Pinehill St", "Phone": "111-222-3333"},
        {"CustomerID": 20, "FirstName": "Riley", "LastName": "Gomez", "Email": "riley.gomez20@example.com", "Address": "1717 Oakhill St", "Phone": "111-222-3333"},
        {"CustomerID": 21, "FirstName": "Sam", "LastName": "King", "Email": "sam.king21@example.com", "Address": "1818 Elmridge St", "Phone": "111-222-3333"},
        {"CustomerID": 22, "FirstName": "Tara", "LastName": "Hall", "Email": "tara.hall22@example.com", "Address": "1919 Cedarpeak St", "Phone": "111-222-3333"},
        {"CustomerID": 23, "FirstName": "Ulysses", "LastName": "Foster", "Email": "ulysses.foster23@example.com", "Address": "2020 Redwoodridge St", "Phone": "111-222-3333"},
        {"CustomerID": 24, "FirstName": "Vera", "LastName": "Howard", "Email": "vera.howard24@example.com", "Address": "2121 Firvalley St", "Phone": "111-222-3333"},
        {"CustomerID": 25, "FirstName": "Will", "LastName": "Cox", "Email": "will.cox25@example.com", "Address": "2222 Sprucevalley St", "Phone": "111-222-3333"},
        {"CustomerID": 26, "FirstName": "Xena", "LastName": "Murphy", "Email": "xena.murphy26@example.com", "Address": "2323 Pinevalley St", "Phone": "111-222-3333"},
        {"CustomerID": 27, "FirstName": "Yara", "LastName": "Bailey", "Email": "yara.bailey27@example.com", "Address": "2424 Oakvalley St", "Phone": "111-222-3333"},
        {"CustomerID": 28, "FirstName": "Zane", "LastName": "Rivera", "Email": "zane.rivera28@example.com", "Address": "2525 Elmvalley St", "Phone": "111-222-3333"},
        {"CustomerID": 29, "FirstName": "Aria", "LastName": "Cooper", "Email": "aria.cooper29@example.com", "Address": "2626 Cedarhill St", "Phone": "111-222-3333"},
        {"CustomerID": 30, "FirstName": "Blake", "LastName": "Reed", "Email": "blake.reed30@example.com", "Address": "2727 Redwoodhill St", "Phone": "111-222-3333"}
    ],
    "Orders": [
        {"OrderID": 1, "CustomerID": 12, "ProductID": 9, "Quantity": 2, "OrderDate": "2023-10-01", "TotalPrice": 50},
        {"OrderID": 2, "CustomerID": 15, "ProductID": 9, "Quantity": 1, "OrderDate": "2023-10-02", "TotalPrice": 25},
        {"OrderID": 3, "CustomerID": 15, "ProductID": 3, "Quantity": 3, "OrderDate": "2023-10-03", "TotalPrice": 450},
        {"OrderID": 4, "CustomerID": 7, "ProductID": 20, "Quantity": 1, "OrderDate": "2023-10-04", "TotalPrice": 800},
        {"OrderID": 5, "CustomerID": 12, "ProductID": 14, "Quantity": 2, "OrderDate": "2023-10-05", "TotalPrice": 80},
        {"OrderID": 6, "CustomerID": 28, "ProductID": 1, "Quantity": 1, "OrderDate": "2023-10-06", "TotalPrice": 1000},
        {"OrderID": 7, "CustomerID": 4, "ProductID": 26, "Quantity": 2, "OrderDate": "2023-10-07", "TotalPrice": 800},
        {"OrderID": 8, "CustomerID": 9, "ProductID": 5, "Quantity": 1, "OrderDate": "2023-10-08", "TotalPrice": 200},
        {"OrderID": 9, "CustomerID": 2, "ProductID": 17, "Quantity": 3, "OrderDate": "2023-10-09", "TotalPrice": 60},
        {"OrderID": 10, "CustomerID": 30, "ProductID": 24, "Quantity": 1, "OrderDate": "2023-10-10", "TotalPrice": 150},
        {"OrderID": 11, "CustomerID": 6, "ProductID": 29, "Quantity": 2, "OrderDate": "2023-10-11", "TotalPrice": 160},
        {"OrderID": 12, "CustomerID": 21, "ProductID": 7, "Quantity": 1, "OrderDate": "2023-10-12", "TotalPrice": 250},
        {"OrderID": 13, "CustomerID": 14, "ProductID": 10, "Quantity": 2, "OrderDate": "2023-10-13", "TotalPrice": 100},
        {"OrderID": 14, "CustomerID": 3, "ProductID": 2, "Quantity": 1, "OrderDate": "2023-10-14", "TotalPrice": 500},
        {"OrderID": 15, "CustomerID": 11, "ProductID": 2, "Quantity": 2, "OrderDate": "2023-10-15", "TotalPrice": 1000},
        {"OrderID": 16, "CustomerID": 8, "ProductID": 18, "Quantity": 1, "OrderDate": "2023-10-16", "TotalPrice": 15},
        {"OrderID": 17, "CustomerID": 6, "ProductID": 13, "Quantity": 3, "OrderDate": "2023-10-17", "TotalPrice": 60},
        {"OrderID": 18, "CustomerID": 10, "ProductID": 21, "Quantity": 1, "OrderDate": "2023-10-18", "TotalPrice": 250},
        {"OrderID": 19, "CustomerID": 5, "ProductID": 8, "Quantity": 2, "OrderDate": "2023-10-19", "TotalPrice": 240},
        {"OrderID": 20, "CustomerID": 25, "ProductID": 12, "Quantity": 1, "OrderDate": "2023-10-20", "TotalPrice": 55},
        {"OrderID": 21, "CustomerID": 18, "ProductID": 11, "Quantity": 2, "OrderDate": "2023-10-21", "TotalPrice": 30},
        {"OrderID": 22, "CustomerID": 22, "ProductID": 15, "Quantity": 1, "OrderDate": "2023-10-22", "TotalPrice": 45},
        {"OrderID": 23, "CustomerID": 23, "ProductID": 27, "Quantity": 2, "OrderDate": "2023-10-23", "TotalPrice": 100},
        {"OrderID": 24, "CustomerID": 19, "ProductID": 4, "Quantity": 1, "OrderDate": "2023-10-24", "TotalPrice": 300},
        {"OrderID": 25, "CustomerID": 26, "ProductID": 19, "Quantity": 2, "OrderDate": "2023-10-25", "TotalPrice": 1000},
        {"OrderID": 26, "CustomerID": 29, "ProductID": 28, "Quantity": 1, "OrderDate": "2023-10-26", "TotalPrice": 300},
        {"OrderID": 27, "CustomerID": 20, "ProductID": 23, "Quantity": 2, "OrderDate": "2023-10-27", "TotalPrice": 1300},
        {"OrderID": 28, "CustomerID": 13, "ProductID": 25, "Quantity": 1, "OrderDate": "2023-10-28", "TotalPrice": 200},
        {"OrderID": 29, "CustomerID": 1, "ProductID": 30, "Quantity": 2, "OrderDate": "2023-10-29", "TotalPrice": 180},
        {"OrderID": 30, "CustomerID": 16, "ProductID": 22, "Quantity": 1, "OrderDate": "2023-10-30", "TotalPrice": 750}
    ]
}